<?xml version="1.0" encoding="UTF-8"?>
<project-private xmlns="http://www.netbeans.org/ns/project-private/1">
    <editor-bookmarks xmlns="http://www.netbeans.org/ns/editor-bookmarks/2" lastBookmarkId="0"/>
    <open-files xmlns="http://www.netbeans.org/ns/projectui-open-files/2">
        <group>
            <file>file:/C:/Users/khush/Documents/NetBeansProjects/SYST17796_ProjectStarterCode-2/SYST17796_ProjectStarterCode/src/ca/sheridancollege/project/GamePlayer.java</file>
            <file>file:/C:/Users/khush/Documents/NetBeansProjects/SYST17796_ProjectStarterCode-2/SYST17796_ProjectStarterCode/src/ca/sheridancollege/project/CardHand.java</file>
            <file>file:/C:/Users/khush/Documents/NetBeansProjects/SYST17796_ProjectStarterCode-2/SYST17796_ProjectStarterCode/src/ca/sheridancollege/project/Compareable.java</file>
            <file>file:/C:/Users/khush/Documents/NetBeansProjects/SYST17796_ProjectStarterCode-2/SYST17796_ProjectStarterCode/src/ca/sheridancollege/project/UnoGame.java</file>
            <file>file:/C:/Users/khush/Documents/NetBeansProjects/SYST17796_ProjectStarterCode-2/SYST17796_ProjectStarterCode/src/ca/sheridancollege/project/Temp.java</file>
            <file>file:/C:/Users/khush/Documents/NetBeansProjects/SYST17796_ProjectStarterCode-2/SYST17796_ProjectStarterCode/test/ca/sheridancollege/project/UnoCardDeckTest.java</file>
            <file>file:/C:/Users/khush/Documents/NetBeansProjects/SYST17796_ProjectStarterCode-2/SYST17796_ProjectStarterCode/src/ca/sheridancollege/project/ActionCard.java</file>
            <file>file:/C:/Users/khush/Documents/NetBeansProjects/SYST17796_ProjectStarterCode-2/SYST17796_ProjectStarterCode/src/ca/sheridancollege/project/UnoCardDeck.java</file>
            <file>file:/C:/Users/khush/Documents/NetBeansProjects/SYST17796_ProjectStarterCode-2/SYST17796_ProjectStarterCode/src/ca/sheridancollege/project/UnoCard.java</file>
            <file>file:/C:/Users/khush/Documents/NetBeansProjects/SYST17796_ProjectStarterCode-2/SYST17796_ProjectStarterCode/src/ca/sheridancollege/project/WildCard.java</file>
            <file>file:/C:/Users/khush/Documents/NetBeansProjects/SYST17796_ProjectStarterCode-2/SYST17796_ProjectStarterCode/src/ca/sheridancollege/project/Game.java</file>
            <file>file:/C:/Users/khush/Documents/NetBeansProjects/SYST17796_ProjectStarterCode-2/SYST17796_ProjectStarterCode/src/ca/sheridancollege/project/Card.java</file>
            <file>file:/C:/Users/khush/Documents/NetBeansProjects/SYST17796_ProjectStarterCode-2/SYST17796_ProjectStarterCode/src/ca/sheridancollege/project/Player.java</file>
            <file>file:/C:/Users/khush/Documents/NetBeansProjects/SYST17796_ProjectStarterCode-2/SYST17796_ProjectStarterCode/src/ca/sheridancollege/project/ZeroCard.java</file>
            <file>file:/C:/Users/khush/Documents/NetBeansProjects/SYST17796_ProjectStarterCode-2/SYST17796_ProjectStarterCode/src/ca/sheridancollege/project/GroupOfCards.java</file>
        </group>
    </open-files>
</project-private>
