<?xml version="1.0" encoding="UTF-8"?>
<project-private xmlns="http://www.netbeans.org/ns/project-private/1">
    <editor-bookmarks xmlns="http://www.netbeans.org/ns/editor-bookmarks/2" lastBookmarkId="0"/>
    <open-files xmlns="http://www.netbeans.org/ns/projectui-open-files/2">
        <group>
            <file>file:/D:/semester%202/software%20design%20fundamental/deliverable%201/SYST17796_ProjectStarterCode/src/project/Card.java</file>
            <file>file:/D:/semester%202/software%20design%20fundamental/deliverable%201/SYST17796_ProjectStarterCode/src/project/Game.java</file>
            <file>file:/D:/semester%202/software%20design%20fundamental/deliverable%201/SYST17796_ProjectStarterCode/src/project/Player.java</file>
            <file>file:/D:/semester%202/software%20design%20fundamental/deliverable%201/SYST17796_ProjectStarterCode/src/project/GroupOfCards.java</file>
        </group>
    </open-files>
</project-private>
